episode,episode_length,episode_reward,frame,step,total_time
0.0,1000.0,138.5174401747855,0,0.0,0.0028924942016601562
